{
  "milvus": {
    "record_count": 13825,
    "algorithms": {
      "FLAT": {
        "config": {
          "index_type": "FLAT",
          "metric_type": "COSINE",
          "params": {}
        },
        "performance": {
          "avg_time": 0.02171483039855957,
          "min_time": 0.020722150802612305,
          "max_time": 0.02303457260131836,
          "std_time": 0.000751555002939219,
          "p50_time": 0.021564722061157227,
          "p95_time": 0.0227872371673584,
          "p99_time": 0.022985105514526368
        },
        "queries_per_second": 460.51476417072723
      },
      "IVF_FLAT": {
        "config": {
          "index_type": "IVF_FLAT",
          "metric_type": "COSINE",
          "params": {
            "nlist": 128
          },
          "search_params": {
            "nprobe": 16
          }
        },
        "performance": {
          "avg_time": 0.022027301788330077,
          "min_time": 0.0190432071685791,
          "max_time": 0.025701522827148438,
          "std_time": 0.0028634115793986135,
          "p50_time": 0.020526885986328125,
          "p95_time": 0.02561359405517578,
          "p99_time": 0.025683937072753907
        },
        "queries_per_second": 453.982067168024
      },
      "IVF_SQ8": {
        "config": {
          "index_type": "IVF_SQ8",
          "metric_type": "COSINE",
          "params": {
            "nlist": 128
          },
          "search_params": {
            "nprobe": 16
          }
        },
        "performance": {
          "avg_time": 0.02257986068725586,
          "min_time": 0.02075028419494629,
          "max_time": 0.02441263198852539,
          "std_time": 0.0012185097655061697,
          "p50_time": 0.022563934326171875,
          "p95_time": 0.0241671085357666,
          "p99_time": 0.02436352729797363
        },
        "queries_per_second": 442.8725286885419
      },
      "IVF_PQ": {
        "config": {
          "index_type": "IVF_PQ",
          "metric_type": "COSINE",
          "params": {
            "nlist": 128,
            "m": 8,
            "nbits": 8
          },
          "search_params": {
            "nprobe": 16
          }
        },
        "performance": {
          "avg_time": 0.023984241485595702,
          "min_time": 0.023119211196899414,
          "max_time": 0.024922847747802734,
          "std_time": 0.0006824793090711918,
          "p50_time": 0.02411198616027832,
          "p95_time": 0.024830150604248046,
          "p99_time": 0.024904308319091798
        },
        "queries_per_second": 416.9404317416389
      },
      "HNSW": {
        "config": {
          "index_type": "HNSW",
          "metric_type": "COSINE",
          "params": {
            "M": 16,
            "efConstruction": 200
          },
          "search_params": {
            "ef": 64
          }
        },
        "performance": {
          "avg_time": 0.024249982833862305,
          "min_time": 0.02218937873840332,
          "max_time": 0.028315067291259766,
          "std_time": 0.002526270642974477,
          "p50_time": 0.022347688674926758,
          "p95_time": 0.02787952423095703,
          "p99_time": 0.02822795867919922
        },
        "queries_per_second": 412.3714259309146
      }
    }
  },
  "qdrant": {
    "record_count": 13825,
    "algorithms": {
      "HNSW": {
        "performance": {
          "avg_time": 0.0329864501953125,
          "min_time": 0.02983546257019043,
          "max_time": 0.03531980514526367,
          "std_time": 0.0021690789476341743,
          "p50_time": 0.03413534164428711,
          "p95_time": 0.035188150405883786,
          "p99_time": 0.035293474197387695
        },
        "queries_per_second": 303.1547784253862
      },
      "FLAT_EXACT": {
        "performance": {
          "avg_time": 0.031907844543457034,
          "min_time": 0.03132295608520508,
          "max_time": 0.033344268798828125,
          "std_time": 0.0007366226874974969,
          "p50_time": 0.03165459632873535,
          "p95_time": 0.03303308486938476,
          "p99_time": 0.03328203201293945
        },
        "queries_per_second": 313.4025548601522
      },
      "HNSW_ef16": {
        "performance": {
          "avg_time": 0.03155980110168457,
          "min_time": 0.031168699264526367,
          "max_time": 0.0319972038269043,
          "std_time": 0.00036661505133033846,
          "p50_time": 0.03146052360534668,
          "p95_time": 0.03199458122253418,
          "p99_time": 0.03199667930603027
        },
        "queries_per_second": 316.8587776513658,
        "ef": 16
      },
      "HNSW_ef64": {
        "performance": {
          "avg_time": 0.03188004493713379,
          "min_time": 0.03150606155395508,
          "max_time": 0.03238081932067871,
          "std_time": 0.00035214011216373904,
          "p50_time": 0.031798601150512695,
          "p95_time": 0.032342720031738284,
          "p99_time": 0.03237319946289063
        },
        "queries_per_second": 313.6758439242985,
        "ef": 64
      },
      "HNSW_ef128": {
        "performance": {
          "avg_time": 0.03006443977355957,
          "min_time": 0.029463768005371094,
          "max_time": 0.030539512634277344,
          "std_time": 0.000418017591551188,
          "p50_time": 0.03002309799194336,
          "p95_time": 0.030534887313842775,
          "p99_time": 0.03053858757019043
        },
        "queries_per_second": 332.61887051008966,
        "ef": 128
      },
      "HNSW_ef256": {
        "performance": {
          "avg_time": 0.032387161254882814,
          "min_time": 0.03028130531311035,
          "max_time": 0.03667497634887695,
          "std_time": 0.002302450238626831,
          "p50_time": 0.032245635986328125,
          "p95_time": 0.03579139709472656,
          "p99_time": 0.03649826049804687
        },
        "queries_per_second": 308.76432550853343,
        "ef": 256
      }
    }
  },
  "weaviate": {
    "record_count": 13825,
    "algorithms": {
      "HNSW_NEAR_VECTOR": {
        "performance": {
          "avg_time": 0.011780929565429688,
          "min_time": 0.011498689651489258,
          "max_time": 0.011980533599853516,
          "std_time": 0.00016787440710361683,
          "p50_time": 0.011849641799926758,
          "p95_time": 0.011960220336914063,
          "p99_time": 0.011976470947265625
        },
        "queries_per_second": 848.8294530971732
      },
      "BM25": {
        "performance": {
          "avg_time": 0.014142084121704101,
          "min_time": 0.013233184814453125,
          "max_time": 0.01688671112060547,
          "std_time": 0.0013789635088104696,
          "p50_time": 0.013530492782592773,
          "p95_time": 0.016237878799438474,
          "p99_time": 0.01675694465637207
        },
        "queries_per_second": 707.1093562972679
      },
      "HYBRID": {
        "performance": {
          "avg_time": 0.03194608688354492,
          "min_time": 0.02871227264404297,
          "max_time": 0.03540754318237305,
          "std_time": 0.002668968886398203,
          "p50_time": 0.030561447143554688,
          "p95_time": 0.035291194915771484,
          "p99_time": 0.03538427352905273
        },
        "queries_per_second": 313.02738380614903
      },
      "HYBRID_BM25_only": {
        "performance": {
          "avg_time": 0.02306652069091797,
          "min_time": 0.0207211971282959,
          "max_time": 0.0252077579498291,
          "std_time": 0.0015237294793775168,
          "p50_time": 0.023025035858154297,
          "p95_time": 0.024976778030395507,
          "p99_time": 0.025161561965942384
        },
        "queries_per_second": 433.52875511638484,
        "alpha": 0.0
      },
      "HYBRID_alpha0.25": {
        "performance": {
          "avg_time": 0.03079047203063965,
          "min_time": 0.02866983413696289,
          "max_time": 0.03241562843322754,
          "std_time": 0.0012914832681881138,
          "p50_time": 0.03118300437927246,
          "p95_time": 0.03224525451660156,